#コンパス戦闘摂理解析システム,2025/01/06,21808,0,15
#コンパス戦闘摂理解析システム,2025/01/07,22040,61,10
#コンパス戦闘摂理解析システム,2025/01/08,23158,0,12
#コンパス戦闘摂理解析システム,2025/01/09,6083,0,6
#コンパス戦闘摂理解析システム,2025/01/10,10082,95,4
#コンパス戦闘摂理解析システム,2025/01/11,28056,0,12
#コンパス戦闘摂理解析システム,2025/01/12,22126,79,11
#コンパス戦闘摂理解析システム,2025/01/13,35580,125,21
#コンパス戦闘摂理解析システム,2025/01/14,14526,0,14
#コンパス戦闘摂理解析システム,2025/01/15,18608,0,15
#コンパス戦闘摂理解析システム,2025/01/16,23039,59,16
#コンパス戦闘摂理解析システム,2025/01/17,24681,6455,19
#コンパス戦闘摂理解析システム,2025/01/18,11581,0,11
#コンパス戦闘摂理解析システム,2025/01/19,13019,79,15
#コンパス戦闘摂理解析システム,2025/01/20,24811,144,13
#コンパス戦闘摂理解析システム,2025/01/21,10833,57,11
#コンパス戦闘摂理解析システム,2025/01/22,31638,0,22
#コンパス戦闘摂理解析システム,2025/01/23,19032,0,16
#コンパス戦闘摂理解析システム,2025/01/24,22091,90,14
#コンパス戦闘摂理解析システム,2025/01/25,24165,0,21
#コンパス戦闘摂理解析システム,2025/01/26,21158,0,26